,beneficio %,rutas
0,0.0002300000000010627,"['EUR', 'IMP', 'EUR']"
1,0.002213439999998457,"['EUR', 'ALL', 'EUR']"
2,0.00204500000000607,"['EUR', 'NZD', 'EUR']"
3,0.03804564526235232,"['EUR', 'AED', 'HUF', 'BGN', 'EUR']"
4,0.01351800000000125,"['EUR', 'XCD', 'EUR']"
5,0.04074800000002377,"['EUR', 'MOP', 'EUR']"
6,0.6968751246799298,"['EUR', 'KGS', 'RUB', 'EUR']"
7,0.002889678972151088,"['EUR', 'AWG', 'CDF', 'EUR']"
8,0.0004794274000463616,"['EUR', 'RWF', 'EUR']"
9,0.001408000000013843,"['EUR', 'KWD', 'EUR']"
10,0.02245199999999503,"['EUR', 'VES', 'EUR']"
11,0.01952353679999241,"['EUR', 'SAR', 'PEN', 'EUR']"
12,0.02858138000001453,"['EUR', 'SOS', 'EUR']"
13,0.7031397838895614,"['EUR', 'NOK', 'BIF', 'EUR']"
14,0.005641999999994596,"['EUR', 'OMR', 'EUR']"
15,1.097213032700028,"['EUR', 'ZWL', 'NZD', 'EUR']"
16,0.02545909999998042,"['EUR', 'UAH', 'EUR']"
17,0.6617552512000024,"['EUR', 'TMT', 'FJD', 'EUR']"
18,0.007304000000063482,"['EUR', 'ETB', 'EUR']"
19,0.08006862500002931,"['EUR', 'EGP', 'BRL', 'EUR']"
20,0.02708143999998747,"['EUR', 'ILS', 'RON', 'EUR']"
21,0.1112880000000205,"['EUR', 'TND', 'EUR']"
22,2.662513099402219,"['EUR', 'BRL', 'DJF', 'BYN', 'EUR']"
23,0.008479999999999599,"['EUR', 'AUD', 'EUR']"
24,0.004848999999995662,"['EUR', 'MYR', 'EUR']"
25,0.00429600000000363,"['EUR', 'KYD', 'EUR']"
26,4.027183887799968,"['EUR', 'TTD', 'LYD', 'EUR']"
27,0.09643586909988677,"['EUR', 'LAK', 'EUR']"
28,0.0002160000000639428,"['EUR', 'XPF', 'EUR']"
29,0.007768600000002124,"['EUR', 'LSL', 'EUR']"
30,0.002610499999988747,"['EUR', 'UYU', 'EUR']"
31,0.5445197151200176,"['EUR', 'GEL', 'MKD', 'EUR']"
32,0.9313116035726487,"['EUR', 'USD', 'INR', 'VUV', 'EUR']"
33,0.03593600000000308,"['EUR', 'BOB', 'EUR']"
34,0.7260880104080103,"['EUR', 'AMD', 'CUP', 'EUR']"
35,0.009000000000014552,"['EUR', 'STN', 'EUR']"
36,0.00754400000000377,"['EUR', 'BBD', 'EUR']"
37,5.400000000488347e-05,"['EUR', 'BGN', 'EUR']"
38,0.6447136084750449,"['EUR', 'GNF', 'HRK', 'ZMW']"
39,0.001768500000021156,"['EUR', 'MXN', 'EUR']"
40,0.002482190000008266,"['EUR', 'ISK', 'EUR']"
41,0.007539799999989327,"['EUR', 'MZN', 'EUR']"
42,0.003477107600091678,"['EUR', 'SLL', 'EUR']"
43,0.02027499999999183,"['EUR', 'QAR', 'EUR']"
44,0.1460221789799876,"['EUR', 'BWP', 'OMR', 'EUR']"
45,0.03181010999995237,"['EUR', 'MWK', 'EUR']"
46,0.01801519999995449,"['EUR', 'SSP', 'EUR']"
47,0.01458356259989024,"['EUR', 'PYG', 'EUR']"
48,0.03536399999999329,"['EUR', 'GHS', 'EUR']"
49,0.8402491127027067,"['EUR', 'HUF', 'GEL', 'IDR', 'EUR']"
50,0.2321462693599896,"['EUR', 'BWP', 'CZK', 'EUR']"
51,0.1117909349240165,"['EUR', 'MGA', 'JOD', 'EUR']"
52,0.004335199999982997,"['EUR', 'MVR', 'EUR']"
53,0.01705373999998372,"['EUR', 'KMF', 'EUR']"
54,0.01733690000000898,"['EUR', 'AOA', 'EUR']"
55,0.1685370840000422,"['EUR', 'BTN', 'TWD', 'EUR']"
56,0.1055293999999929,"['EUR', 'RUB', 'EUR']"
57,0.004430910000063903,"['EUR', 'NGN', 'EUR']"
58,0.005339092399991863,"['EUR', 'KRW', 'EUR']"
59,1.497722562927062,"['EUR', 'JMD', 'VND', 'EUR']"
60,0.002509445499976337,"['EUR', 'MMK', 'EUR']"
61,0.005572799999997713,"['EUR', 'CZK', 'EUR']"
62,0.01879999999998549,"['EUR', 'RON', 'EUR']"
63,0.02863154104999488,"['EUR', 'HRK', 'BTN', 'EUR']"
64,1.103449375808041,"['EUR', 'BTN', 'ARS', 'EUR']"
65,0.02021035551997841,"['EUR', 'PAB', 'ZAR', 'EUR']"
66,0.001093612000024891,"['EUR', 'UGX', 'EUR']"
67,0.04019270900001981,"['EUR', 'CVE', 'LSL', 'EUR']"
68,0.1077270989380485,"['EUR', 'EGP', 'NPR', 'EUR']"
69,0.3275933190300062,"['EUR', 'NIO', 'TWD', 'EUR']"
70,0.008953799999966705,"['EUR', 'ZAR', 'EUR']"
71,0.03885399999998818,"['EUR', 'SBD', 'EUR']"
72,0.00390080000003401,"['EUR', 'HNL', 'EUR']"
73,2.790848636368914,"['EUR', 'TTD', 'MWK', 'EUR']"
74,0.01511520000005984,"['EUR', 'MKD', 'EUR']"
75,0.7218190752971143,"['EUR', 'BRL', 'TMT', 'SLL', 'EUR']"
76,0.0007983743999462334,"['EUR', 'SYP', 'EUR']"
77,0.001383300000012966,"['EUR', 'DOP', 'EUR']"
78,3.856440371199965,"['EUR', 'TTD', 'EGP', 'EUR']"
79,0.3923778800000166,"['EUR', 'ZMW', 'BZD', 'EUR']"
80,0.002067000000005592,"['EUR', 'TWD', 'EUR']"
81,0.005450000000006838,"['EUR', 'SGD', 'EUR']"
82,0.02579999999998694,"['EUR', 'WST', 'EUR']"
83,0.03395861395998345,"['EUR', 'SDG', 'SSP', 'EUR']"
84,0.5067877423864386,"['EUR', 'DKK', 'AFN', 'CRC', 'EUR']"
85,0.9250335545903043,"['EUR', 'CUP', 'BTN', 'SBD', 'EUR']"
86,2.454777268943542,"['EUR', 'MRU', 'BIF', 'EUR']"
87,0.3895432591999981,"['EUR', 'TMT', 'BBD', 'EUR']"
88,0.001064462480049322,"['EUR', 'XOF', 'MRU', 'EUR']"
89,5.305448525726675,"['EUR', 'TTD', 'MMK', 'EUR']"
90,0.003423999999996319,"['EUR', 'FJD', 'EUR']"
91,0.0008312000000065822,"['EUR', 'GMD', 'EUR']"
92,1.529547243794416,"['EUR', 'JOD', 'BDT', 'MAD', 'EUR']"
93,0.004867899999960734,"['EUR', 'SCR', 'EUR']"
94,0.0140725970000366,"['EUR', 'IDR', 'EUR']"
95,0.522774324143449,"['EUR', 'AMD', 'UZS', 'EUR']"
96,0.4255249999999933,"['EUR', 'BYN', 'EUR']"
97,0.7285343779988906,"['EUR', 'BHD', 'BIF', 'EUR']"
98,0.8432004912800606,"['EUR', 'KES', 'GMD', 'EUR']"
99,1.679785292600044,"['EUR', 'DZD', 'TOP', 'EUR']"
100,0.009343000000017199,"['EUR', 'PGK', 'EUR']"
101,0.643238196344531,"['EUR', 'USD', 'INR', 'LRD', 'EUR']"
102,0.2557952294479637,"['EUR', 'BTN', 'LKR', 'EUR']"
103,0.436666934239982,"['EUR', 'USD', 'PKR', 'EUR']"
104,0.001174186400021426,"['EUR', 'IQD', 'EUR']"
105,0.006951212000094742,"['EUR', 'AMD', 'FKP', 'EUR']"
106,0.05983354910001903,"['EUR', 'BWP', 'GBP', 'EUR']"
107,0.302701732999977,"['EUR', 'GEL', 'BZD', 'EUR']"
108,0.2827135700000261,"['EUR', 'GEL', 'SGD', 'EUR']"
109,1.69961363448754,"['EUR', 'KHR', 'SRD', 'MUR', 'EUR']"
110,0.1444383796499915,"['EUR', 'BWP', 'LBP', 'EUR']"
111,0.002555360000000562,"['EUR', 'GYD', 'EUR']"
112,1.867024753854007,"['EUR', 'TZS', 'SBD', 'EUR']"
113,0.00735499999999778,"['EUR', 'CVE', 'SRD']"
114,0.322506745999962,"['EUR', 'NOK', 'BOB', 'EUR']"
115,3.417426306313054,"['EUR', 'BWP', 'BIF', 'EUR']"
116,0.004308690000054405,"['EUR', 'NPR', 'EUR']"
117,1.185049431788032,"['EUR', 'HUF', 'VND', 'EUR']"
118,0.02548199999998779,"['EUR', 'LYD', 'EUR']"
119,0.02267000000000241,"['EUR', 'PLN', 'EUR']"
120,1.015458114480072,"['EUR', 'ZWL', 'KYD', 'EUR']"
121,0.01048846047999596,"['EUR', 'AWG', 'STN', 'EUR']"
122,0.5551637273599308,"['EUR', 'BTN', 'AFN', 'EUR']"
123,4.369892162900113,"['EUR', 'ZWL', 'DOP', 'EUR']"
124,1.147413700879918,"['EUR', 'SDG', 'PKR', 'EUR']"
125,0.002867902860526073,"['EUR', 'HUF', 'KHR', 'EUR']"
126,0.126436044179945,"['EUR', 'AFN', 'XAF', 'SAR']"
127,0.2936987819538661,"['EUR', 'GEL', 'DJF', 'XPF', 'EUR']"
128,0.02224322999999639,"['EUR', 'BMD', 'MYR', 'EUR']"
129,0.1456881439800162,"['EUR', 'EGP', 'USD', 'EUR']"
130,0.1305812326400035,"['EUR', 'AWG', 'MUR', 'EUR']"
131,0.03471685493598997,"['EUR', 'CUP', 'JPY', 'EUR']"
132,0.005340320000057908,"['EUR', 'HTG', 'EUR']"
133,0.0003200000000092018,"['EUR', 'CAD', 'EUR']"
134,0.001678519200010165,"['EUR', 'CDF', 'EUR']"
135,0.4380967922394063,"['EUR', 'BRL', 'KRW', 'EUR']"
136,0.009506100000034046,"['EUR', 'KZT', 'EUR']"
137,0.01772647261994997,"['EUR', 'ERN', 'NAD', 'EUR']"
138,0.0046400000000002,"['EUR', 'XDR', 'EUR']"
139,0.005402108179985987,"['EUR', 'KGS', 'JEP', 'EUR']"
140,0.1502705673469551,"['EUR', 'HUF', 'AZN', 'EUR']"
141,0.000353809100062108,"['EUR', 'HRK', 'XPF', 'EUR']"
142,0.008857231639924912,"['EUR', 'XAF', 'ANG', 'EUR']"
143,0.001340528960080967,"['EUR', 'AWG', 'XPF', 'EUR']"
144,0.03549082016010008,"['EUR', 'GNF', 'SEK', 'HRK']"
145,1.500063110348693,"['EUR', 'COP', 'GNF', 'EUR']"
146,0.2144320033580005,"['EUR', 'PHP', 'CRC', 'EUR']"
147,1.064705819360001,"['EUR', 'BWP', 'AFN', 'EUR']"
148,27.20730148559993,"['EUR', 'AFN', 'BYN', 'EUR']"
149,0.1102066447999928,"['EUR', 'BRL', 'AED', 'EUR']"
150,0.01254600000000217,"['EUR', 'TOP', 'EUR']"
151,1.700900852134435,"['EUR', 'GNF', 'MUR', 'EUR']"
152,14.53417210370005,"['EUR', 'ZWL', 'TND', 'EUR']"
153,0.1531154790400224,"['EUR', 'EGP', 'KWD', 'EUR']"
154,0.373981959679992,"['EUR', 'THB', 'UYU', 'EUR']"
155,1.099640350159969,"['EUR', 'BTN', 'PKR', 'EUR']"
156,0.02257869967998705,"['EUR', 'MRU', 'KYD', 'EUR']"
157,1.150148716679866,"['EUR', 'BMD', 'INR', 'CRC', 'EUR']"
158,3.341758422499996,"['EUR', 'ZWL', 'MDL', 'EUR']"
159,0.03752159999996785,"['EUR', 'MUR', 'EUR']"
160,0.1995480757960522,"['EUR', 'TMT', 'NGN', 'EUR']"
161,0.5847178941181586,"['EUR', 'DZD', 'MNT', 'EUR']"
162,0.01152444601160152,"['EUR', 'KHR', 'IQD', 'EUR']"
163,0.2964347601920325,"['EUR', 'AED', 'ARS', 'EUR']"
164,0.4341816749599214,"['EUR', 'KGS', 'ANG', 'EUR']"
165,0.3185481965205739,"['EUR', 'IRR', 'LBP', 'EUR']"
166,0.1464558794700643,"['EUR', 'HUF', 'AUD', 'EUR']"
167,1.144121408467913,"['EUR', 'IRR', 'PKR', 'EUR']"
168,0.001502137399866932,"['EUR', 'MNT', 'EUR']"
169,1.503995108597866,"['EUR', 'COP', 'KHR', 'EUR']"
170,0.05125604886400126,"['EUR', 'KHR', 'MOP', 'EUR']"
171,0.4410920743999958,"['EUR', 'JOD', 'BOB', 'EUR']"
172,1.098282806923989,"['EUR', 'SRD', 'VUV', 'EUR']"
173,0.2102844049999941,"['EUR', 'NIO', 'RON', 'EUR']"
174,0.1489458183300485,"['EUR', 'BWP', 'JOD', 'EUR']"
175,0.005422822399947513,"['EUR', 'UZS', 'EUR']"
176,0.05232721757004732,"['EUR', 'HUF', 'UYU', 'EUR']"
177,1.999621876399971,"['EUR', 'ILS', 'BDT', 'EUR']"
178,0.002532999999993457,"['EUR', 'AZN', 'EUR']"
179,0.03686380759997387,"['EUR', 'ERN', 'LYD', 'EUR']"
180,0.2332001999999944,"['EUR', 'MAD', 'EUR']"
181,3.92592712148998,"['EUR', 'TTD', 'ALL', 'EUR']"
182,0.0005495744571204497,"['EUR', 'COP', 'BAM', 'EUR']"
183,0.001472933719948166,"['EUR', 'CVE', 'LBP', 'EUR']"
184,9.990124693500002,"['EUR', 'AFN', 'TND', 'EUR']"
185,0.004459156280001153,"['EUR', 'AMD', 'BGN', 'EUR']"
186,0.3118214986316481,"['EUR', 'NOK', 'IRR', 'EUR']"
187,0.001739935699984763,"['EUR', 'CUP', 'SHP', 'EUR']"
188,0.8029715331267395,"['EUR', 'TMT', 'CDF', 'EUR']"
189,0.001401860000038724,"['EUR', 'LRD', 'EUR']"
190,0.4686531757999823,"['EUR', 'GEL', 'LSL', 'EUR']"
191,0.02898237999999775,"['EUR', 'LKR', 'EUR']"
192,0.02043915578004984,"['EUR', 'NOK', 'NPR', 'EUR']"
193,1.198565682087782,"['EUR', 'PEN', 'MMK', 'EUR']"
194,0.007957800000024662,"['EUR', 'NIO', 'XAF']"
195,0.005653949599926378,"['EUR', 'MGA', 'XPF', 'EUR']"
196,0.2644325540000159,"['EUR', 'NOK', 'TMT', 'EUR']"
197,0.702833858144003,"['EUR', 'AMD', 'AED', 'EUR']"
198,0.4739483300479908,"['EUR', 'IRR', 'GMD', 'EUR']"
199,0.428569213451202,"['EUR', 'ILS', 'UZS', 'EUR']"
200,0.002823400000018239,"['EUR', 'JPY', 'EUR']"
201,0.00624388000001197,"['EUR', 'YER', 'EUR']"
202,0.425546144880018,"['EUR', 'EGP', 'MKD', 'EUR']"
203,4.051945764799947,"['EUR', 'BRL', 'BDT', 'EUR']"
204,0.02303437850001977,"['EUR', 'CHF', 'BGN', 'EUR']"
205,0.008040505999984404,"['EUR', 'HRK', 'BAM', 'EUR']"
206,2.954702659626296,"['EUR', 'TJS', 'PYG', 'EUR']"
207,2.570628197289215,"['EUR', 'DKK', 'NOK', 'TOP', 'EUR']"
208,0.005276839999912575,"['EUR', 'VND', 'EUR']"
209,0.0007499999999938112,"['EUR', 'CUP', 'HRK']"
210,2.20011842049106,"['EUR', 'AFN', 'BIF', 'EUR']"
211,3.791013638120022,"['EUR', 'ZWL', 'TJS', 'EUR']"
212,2.806013585491973,"['EUR', 'HUF', 'KGS', 'WST', 'EUR']"
213,0.1231418844799936,"['EUR', 'NOK', 'RSD', 'EUR']"
214,1.088848110823992,"['EUR', 'BTN', 'CRC', 'EUR']"
215,0.2103075062179327,"['EUR', 'SDG', 'NIO', 'EUR']"
216,0.5783432910159148,"['EUR', 'IRR', 'SZL', 'EUR']"
217,0.1769205087441383,"['EUR', 'IRR', 'JPY', 'EUR']"
218,0.01768641285999628,"['EUR', 'XAF', 'LSL', 'EUR']"
219,0.0227177625000019,"['EUR', 'CHF', 'CNY', 'EUR']"
220,0.0006897079999790279,"['EUR', 'XAF', 'BHD']"
221,5.841382270400031,"['EUR', 'AMD', 'WST', 'EUR']"
222,4.002611706574011,"['EUR', 'JMD', 'MAD', 'EUR']"
223,0.02383896383997275,"['EUR', 'AED', 'LSL', 'EUR']"
224,0.1721199325000144,"['EUR', 'INR', 'TWD', 'EUR']"
225,2.523219694699974,"['EUR', 'TTD', 'NZD', 'EUR']"
226,0.01516312064007153,"['EUR', 'ARS', 'GMD', 'EUR']"
227,2.32806692802856,"['EUR', 'KGS', 'TZS', 'INR', 'EUR']"
228,0.0002894679999698724,"['EUR', 'LBP', 'EUR']"
229,0.4894111766599485,"['EUR', 'KES', 'XCD', 'EUR']"
230,1.147435595360013,"['EUR', 'BTN', 'BOB', 'EUR']"
231,0.02068755199999828,"['EUR', 'FOK', 'XDR', 'EUR']"
232,0.1675865960296452,"['EUR', 'PAB', 'JOD', 'MZN', 'EUR']"
233,0.2734978742899852,"['EUR', 'SEK', 'MDL', 'EUR']"
234,0.29204478893603,"['EUR', 'BHD', 'ARS', 'EUR']"
235,0.1352464714699853,"['EUR', 'XAF', 'AED', 'CLP']"
236,0.3125210984000315,"['EUR', 'GEL', 'BHD', 'EUR']"
237,0.2112915518000191,"['EUR', 'GEL', 'KID', 'EUR']"
238,0.1818132482600099,"['EUR', 'DJF', 'MZN', 'EUR']"
239,0.2852138457999809,"['EUR', 'EGP', 'LSL', 'EUR']"
240,0.004292630300017919,"['EUR', 'CVE', 'PAB', 'EUR']"
241,0.1129946894000033,"['EUR', 'BHD', 'CLP', 'EUR']"
242,0.0656824310000248,"['EUR', 'NOK', 'KID', 'EUR']"
243,0.08860744327217063,"['EUR', 'EGP', 'IDR', 'EUR']"
244,0.0169155407999888,"['EUR', 'CUP', 'FJD', 'EUR']"
245,0.004420400000015867,"['EUR', 'HRK', 'KGS']"
246,0.005318104294338433,"['EUR', 'HRK', 'VND', 'EUR']"
247,0.6027747504000036,"['EUR', 'TMT', 'LYD', 'EUR']"
248,0.8163613948400039,"['EUR', 'JMD', 'ANG', 'EUR']"
249,0.02400711679997336,"['EUR', 'TRY', 'KWD', 'EUR']"
250,0.04809024299996523,"['EUR', 'SEK', 'BND', 'EUR']"
251,0.03449039623990569,"['EUR', 'KHR', 'GMD', 'EUR']"
252,0.1418461471999866,"['EUR', 'BRL', 'KID', 'EUR']"
253,0.009985477680007904,"['EUR', 'XOF', 'YER', 'EUR']"
254,0.354801600000032,"['EUR', 'TRY', 'FJD', 'EUR']"
255,0.3428398087999884,"['EUR', 'ZMW', 'IMP', 'EUR']"
256,0.544682597829449,"['EUR', 'IRR', 'TWD', 'EUR']"
257,0.3575430589062956,"['EUR', 'MDL', 'ERN', 'GIP', 'EUR']"
258,0.02471827190000386,"['EUR', 'XOF', 'PLN', 'EUR']"
259,0.007204220000045503,"['EUR', 'XOF', 'ZMW', 'EUR']"
260,0.03565334295001499,"['EUR', 'INR', 'CNY', 'EUR']"
261,0.1088966018199855,"['EUR', 'INR', 'JPY', 'EUR']"
262,0.2352639488000241,"['EUR', 'BTN', 'FJD', 'EUR']"
263,0.165811480279987,"['EUR', 'ILS', 'NIO', 'EUR']"
264,0.02392437932001723,"['EUR', 'ILS', 'MKD', 'EUR']"
265,0.1314807398914652,"['EUR', 'GNF', 'KRW', 'EUR']"
266,0.8670868896793582,"['EUR', 'ZMW', 'CDF', 'EUR']"
267,0.001906462640000051,"['EUR', 'PAB', 'MXN', 'EUR']"
268,1.042783904480027,"['EUR', 'TRY', 'ARS', 'EUR']"
269,0.0005240000000128475,"['EUR', 'CNY', 'EUR']"
270,0.1601441224999389,"['EUR', 'MGA', 'INR', 'EUR']"
271,0.8911979885700028,"['EUR', 'THB', 'AZN', 'EUR']"
272,0.4267976967164744,"['EUR', 'TZS', 'ISK', 'EUR']"
273,0.0280004724000138,"['EUR', 'USD', 'KID', 'EUR']"
274,0.000855718400005756,"['EUR', 'BMD', 'BGN', 'EUR']"
275,0.6279620708399936,"['EUR', 'KGS', 'SZL', 'EUR']"
276,1.281549996080322,"['EUR', 'MRU', 'MGA', 'OMR', 'EUR']"
277,0.2233315512000011,"['EUR', 'TMT', 'KID', 'EUR']"
278,0.3616347500000172,"['EUR', 'MDL', 'BBD', 'EUR']"
279,0.3548069592799408,"['EUR', 'KES', 'XDR', 'EUR']"
280,0.7275727959200395,"['EUR', 'TZS', 'MKD', 'EUR']"
281,0.7309966050079941,"['EUR', 'AMD', 'XCD', 'EUR']"
282,26.04687922706002,"['EUR', 'VUV', 'BYN', 'EUR']"
283,0.5643049794000321,"['EUR', 'DZD', 'TWD', 'EUR']"
284,0.001279999999992398,"['EUR', 'XAF', 'SDG']"
285,0.09279713424323877,"['EUR', 'GNF', 'MVR', 'EUR']"
286,0.4576771722799799,"['EUR', 'KGS', 'VES', 'EUR']"
287,0.004140000000019128,"['EUR', 'MRU', 'HUF']"
288,0.5076529822400033,"['EUR', 'SDG', 'FJD', 'EUR']"
289,4.234218477283647,"['EUR', 'TTD', 'CDF', 'EUR']"
290,0.01258084999999909,"['EUR', 'PEN', 'BAM', 'EUR']"
291,0.0758400901999634,"['EUR', 'GEL', 'TRY', 'EUR']"
292,0.81071892910205,"['EUR', 'TZS', 'DOP', 'EUR']"
293,0.2320675865600252,"['EUR', 'BMD', 'HNL', 'EUR']"
294,0.3103424643499997,"['EUR', 'CHF', 'PKR', 'EUR']"
295,0.0237316260000231,"['EUR', 'USD', 'BND', 'EUR']"
296,1.081147350400102,"['EUR', 'ZWL', 'MYR', 'EUR']"
297,0.02218799999995635,"['EUR', 'AMD', 'UZS']"
298,0.2416338832797793,"['EUR', 'JOD', 'MMK', 'EUR']"
299,0.6212415712000041,"['EUR', 'AWG', 'PGK', 'EUR']"
300,0.03062220714800112,"['EUR', 'SDG', 'ZAR', 'EUR']"
301,0.02771100000003024,"['EUR', 'HKD', 'EUR']"
302,0.004811978450058874,"['EUR', 'CVE', 'NGN', 'EUR']"
303,0.02634824896998733,"['EUR', 'ERN', 'AUD', 'EUR']"
304,1.544488235649988,"['EUR', 'CLP', 'TOP', 'EUR']"
305,1.801245595959955,"['EUR', 'TTD', 'SZL', 'EUR']"
306,4.164359816000074,"['EUR', 'ZWL', 'ETB', 'EUR']"
307,0.4068114199999862,"['EUR', 'MDL', 'YER', 'EUR']"
308,0.8114546430600944,"['EUR', 'JMD', 'AED', 'EUR']"
309,0.1596441732665932,"['EUR', 'XAF', 'TJS', 'SLL', 'EUR']"
310,3.601584980332029,"['EUR', 'TTD', 'NGN', 'EUR']"
311,0.002829771515044932,"['EUR', 'ARS', 'GNF', 'EUR']"
312,0.3540240251495907,"['EUR', 'IRR', 'BHD', 'EUR']"
313,0.03711585920003202,"['EUR', 'XOF', 'GHS', 'EUR']"
314,0.1378862016000015,"['EUR', 'TMT', 'SDG', 'EUR']"
315,0.07231708861996644,"['EUR', 'EGP', 'BTN', 'EUR']"
316,0.6219155746000071,"['EUR', 'SAR', 'PGK', 'EUR']"
317,0.7083314275615926,"['EUR', 'ZMW', 'IDR', 'EUR']"
318,0.2828091188000315,"['EUR', 'NIO', 'LYD', 'EUR']"
319,0.009749333160002926,"['EUR', 'XOF', 'CHF', 'EUR']"
320,0.135000270272001,"['EUR', 'KES', 'LRD', 'EUR']"
321,0.02938391646800653,"['EUR', 'DKK', 'LKR', 'EUR']"
322,0.00650204453602754,"['EUR', 'RSD', 'CHF', 'EUR']"
323,0.06825298792656476,"['EUR', 'ANG', 'KHR', 'NPR', 'EUR']"
324,0.03110262240237915,"['EUR', 'KHR', 'AUD', 'EUR']"
325,0.3510413750000385,"['EUR', 'MDL', 'USD', 'EUR']"
326,0.5815202895999905,"['EUR', 'AWG', 'TOP', 'EUR']"
327,3.000744932836796,"['EUR', 'KHR', 'MAD', 'EUR']"
328,0.01805149699996011,"['EUR', 'CVE', 'SSP', 'EUR']"
329,3.878411649099989,"['EUR', 'ZWL', 'AZN', 'EUR']"
330,0.6726431187230375,"['EUR', 'TZS', 'CNY', 'EUR']"
331,0.03710382060007067,"['EUR', 'DZD', 'BGN', 'EUR']"
332,1.117737479850045,"['EUR', 'INR', 'DOP', 'EUR']"
333,0.02407695199997395,"['EUR', 'AWG', 'NAD', 'EUR']"
334,0.3256674819200001,"['EUR', 'KGS', 'MOP', 'EUR']"
335,4.557578958799979,"['EUR', 'TTD', 'XCD', 'EUR']"
336,0.001974587200015421,"['EUR', 'AED', 'USD', 'EUR']"
337,0.0355212499999924,"['EUR', 'HUF', 'NOK', 'EUR']"
338,0.0319993946000352,"['EUR', 'XAF', 'SOS', 'EUR']"
339,0.2039672944640358,"['EUR', 'BRL', 'HUF', 'EUR']"
340,0.009717723390023636,"['EUR', 'RSD', 'BAM', 'EUR']"
341,0.1184360175999988,"['EUR', 'ANG', 'CLP', 'EUR']"
342,0.5548276655950035,"['EUR', 'CLP', 'NGN', 'EUR']"
343,0.09602655020000128,"['EUR', 'ILS', 'GEL', 'EUR']"
344,0.003123503651636383,"['EUR', 'GNF', 'BGN', 'EUR']"
345,0.03299155231997197,"['EUR', 'BTN', 'ZAR', 'EUR']"
346,0.0005199999999927485,"['EUR', 'DKK', 'BRL']"
347,3.306009438457913,"['EUR', 'HRK', 'TTD', 'KZT', 'EUR']"
348,0.4630428591999802,"['EUR', 'KES', 'VES', 'EUR']"
349,0.01041440000002503,"['EUR', 'DKK', 'DJF']"
350,0.02639096225003357,"['EUR', 'XAF', 'GIP', 'EUR']"
351,0.1244802998000116,"['EUR', 'EGP', 'XCD', 'EUR']"
352,0.4568368080559937,"['EUR', 'KES', 'YER', 'EUR']"
353,5.71528163305095,"['EUR', 'AMD', 'VND', 'EUR']"
354,1.045274902000037,"['EUR', 'ZWL', 'TVD', 'EUR']"
355,0.6227554593379425,"['EUR', 'JMD', 'DZD', 'EUR']"
356,0.002173161001328694,"['EUR', 'XOF', 'MNT', 'EUR']"
357,0.0002789720000118123,"['EUR', 'NOK', 'BAM', 'EUR']"
358,0.6564841584292491,"['EUR', 'CUP', 'HUF', 'SCR', 'EUR']"
359,0.9003108022000106,"['EUR', 'DZD', 'DOP', 'EUR']"
360,0.4773004738100495,"['EUR', 'MRU', 'RSD', 'EUR']"
361,2.53015712439999,"['EUR', 'JOD', 'BYN', 'EUR']"
362,0.00227487499999679,"['EUR', 'MDL', 'GIP', 'EUR']"
363,0.0329488473630235,"['EUR', 'GNF', 'AUD', 'EUR']"
364,0.5919857396599726,"['EUR', 'TJS', 'NAD', 'EUR']"
365,0.005169680000016719,"['EUR', 'MGA', 'DKK']"
366,6.860530467934067,"['EUR', 'ZWL', 'PYG', 'EUR']"
367,0.1580388193789695,"['EUR', 'MGA', 'NZD', 'EUR']"
368,0.8867441652346875,"['EUR', 'TZS', 'VND', 'EUR']"
369,0.6625147663999575,"['EUR', 'TZS', 'AFN', 'EUR']"
370,0.3143289600000099,"['EUR', 'AWG', 'WST', 'EUR']"
371,0.4679414631900691,"['EUR', 'HUF', 'MYR', 'EUR']"
372,0.2027125455200673,"['EUR', 'DJF', 'HNL', 'EUR']"
373,0.01706694636793848,"['EUR', 'BRL', 'KMF', 'EUR']"
374,0.389889323360193,"['EUR', 'GNF', 'DOP', 'EUR']"
375,0.1171932761000027,"['EUR', 'SRD', 'CLP', 'EUR']"
376,0.1145320791000382,"['EUR', 'NIO', 'HKD', 'EUR']"
377,0.05325558400002262,"['EUR', 'CHF', 'MOP', 'EUR']"
378,1.041383823379971,"['EUR', 'SDG', 'BOB', 'EUR']"
379,0.007818346149979227,"['EUR', 'THB', 'BAM', 'EUR']"
380,0.02591562319997909,"['EUR', 'ILS', 'ANG', 'EUR']"
381,4.543232267999975,"['EUR', 'TTD', 'PAB', 'EUR']"
382,1.022890099356766,"['EUR', 'IRR', 'CRC', 'EUR']"
383,0.3749617332000188,"['EUR', 'NIO', 'PEN', 'EUR']"
384,3.603315232999971,"['EUR', 'TTD', 'PLN', 'EUR']"
385,2.684844028016342,"['EUR', 'NIO', 'BIF', 'EUR']"
386,0.7423324444400192,"['EUR', 'SDG', 'MKD', 'EUR']"
387,0.03706945374999382,"['EUR', 'CUP', 'AUD', 'EUR']"
388,0.8439849790926823,"['EUR', 'ZWL', 'RWF', 'EUR']"
389,0.04553648068688076,"['EUR', 'KHR', 'NZD', 'EUR']"
390,0.02219680000001834,"['EUR', 'ANG', 'NOK', 'EUR']"
391,0.001481999999985995,"['EUR', 'HRK', 'ZWL']"
392,0.2874102559999647,"['EUR', 'BRL', 'PLN', 'EUR']"
393,0.01260440599994972,"['EUR', 'CVE', 'STN', 'EUR']"
394,1.080132782200049,"['EUR', 'DZD', 'GTQ', 'EUR']"
395,0.03777181619999403,"['EUR', 'XOF', 'BND', 'EUR']"
396,0.005734876320007132,"['EUR', 'XAF', 'GYD', 'EUR']"
397,1.510003389336378,"['EUR', 'SRD', 'MGA', 'XDR', 'EUR']"
398,0.5164777923599706,"['EUR', 'KGS', 'THB', 'EUR']"
399,4.323070892096004,"['EUR', 'AMD', 'LRD', 'EUR']"
400,0.1209058839999777,"['EUR', 'AFN', 'HKD', 'EUR']"
401,0.1482750435199742,"['EUR', 'ZMW', 'SEK', 'EUR']"
402,0.001166553529552417,"['EUR', 'AED', 'LBP', 'EUR']"
403,0.6025025936902795,"['EUR', 'GNF', 'GTQ', 'EUR']"
404,0.119022722600004,"['EUR', 'DZD', 'HKD', 'EUR']"
405,0.02000502825998396,"['EUR', 'KGS', 'BGN', 'EUR']"
406,1.380604918320083,"['EUR', 'JMD', 'MKD', 'EUR']"
407,0.6197901816799689,"['EUR', 'THB', 'MVR', 'EUR']"
408,0.609692240000026,"['EUR', 'MDL', 'GYD', 'EUR']"
409,0.0724274183120377,"['EUR', 'SEK', 'KES', 'EUR']"
410,0.001226791540021033,"['EUR', 'TRY', 'SDG', 'EUR']"
411,0.280938048200019,"['EUR', 'ILS', 'DOP', 'EUR']"
412,0.01248515289782315,"['EUR', 'IRR', 'TZS', 'EUR']"
413,0.1208429751530682,"['EUR', 'HUF', 'TVD', 'EUR']"
414,0.2822297673599872,"['EUR', 'TJS', 'CUP', 'EUR']"
415,0.1807478931875828,"['EUR', 'MDL', 'TZS', 'EUR']"
416,0.1148970975999974,"['EUR', 'KHR', 'CLP', 'EUR']"
417,0.6368160364000008,"['EUR', 'EGP', 'PGK', 'EUR']"
418,32.35487400639994,"['EUR', 'TTD', 'BYN', 'EUR']"
419,0.001585356926003811,"['EUR', 'PKR', 'CVE', 'EUR']"
420,5.641857705799969,"['EUR', 'TTD', 'BDT', 'EUR']"
421,0.6082276993955915,"['EUR', 'BWP', 'MDL', 'MOP', 'EUR']"
422,0.3166520883999713,"['EUR', 'TJS', 'XCD', 'EUR']"
423,10.64250778827565,"['EUR', 'IRR', 'TND', 'EUR']"
424,2.116021381099831,"['EUR', 'KGS', 'MNT', 'EUR']"
425,8.958947082699996,"['EUR', 'VUV', 'TND', 'EUR']"
426,0.1109148857600273,"['EUR', 'MGA', 'HUF', 'EUR']"
427,1.060630084982428,"['EUR', 'TRY', 'VND', 'EUR']"
428,0.03131637649993468,"['EUR', 'CVE', 'AZN', 'EUR']"
429,0.2857088261600138,"['EUR', 'NOK', 'ARS', 'EUR']"
430,0.2934600527600084,"['EUR', 'GEL', 'MXN', 'EUR']"
431,2.900454893369964,"['EUR', 'TTD', 'BWP', 'EUR']"
432,0.4731456283830981,"['EUR', 'TZS', 'ANG', 'EUR']"
433,0.3190065993164293,"['EUR', 'EGP', 'UZS', 'EUR']"
434,0.07749124999996138,"['EUR', 'NOK', 'BRL', 'EUR']"
435,0.004042700300010971,"['EUR', 'HRK', 'JOD', 'EUR']"
436,1.716299254021036,"['EUR', 'SDG', 'MGA', 'CUP', 'EUR']"
437,0.2308962148453109,"['EUR', 'PHP', 'COP', 'EUR']"
438,0.7327701689750832,"['EUR', 'MDL', 'KRW', 'EUR']"
439,0.601365441499957,"['EUR', 'THB', 'PGK', 'EUR']"
440,0.2067130205995138,"['EUR', 'KHR', 'SEK', 'KZT', 'EUR']"
441,0.01879027249998,"['EUR', 'CVE', 'XCD', 'EUR']"
442,0.8538206575900542,"['EUR', 'JMD', 'NIO', 'EUR']"
443,0.5503280000000332,"['EUR', 'MDL', 'FJD', 'EUR']"
444,0.0512613439999976,"['EUR', 'ILS', 'XDR', 'EUR']"
445,0.001715499802545928,"['EUR', 'XOF', 'UGX', 'EUR']"
446,1.026064774399971,"['EUR', 'ZMW', 'TND', 'EUR']"
447,0.1408780094000806,"['EUR', 'DZD', 'SDG', 'EUR']"
448,0.3173738391500258,"['EUR', 'CHF', 'UYU', 'EUR']"
449,0.3476696677000346,"['EUR', 'AFN', 'DOP', 'EUR']"
450,1.024407755720436,"['EUR', 'CHF', 'DZD', 'KWD', 'EUR']"
451,0.05742058080002721,"['EUR', 'AED', 'HKD', 'EUR']"
452,6.540179614845276,"['EUR', 'AMD', 'MMK', 'EUR']"
453,0.473586622640032,"['EUR', 'COP', 'BOB', 'EUR']"
454,0.06641221896204197,"['EUR', 'HUF', 'ZAR', 'EUR']"
455,0.1047538335467779,"['EUR', 'HUF', 'PYG', 'EUR']"
456,0.003816095061592861,"['EUR', 'KHR', 'CUP', 'EUR']"
457,3.256168564499973,"['EUR', 'TTD', 'BND', 'EUR']"
458,0.6166976309522232,"['EUR', 'KES', 'IDR', 'EUR']"
459,0.158216811607903,"['EUR', 'TRY', 'EGP', 'KHR', 'EUR']"
460,0.3342141978200042,"['EUR', 'BWP', 'MXN', 'EUR']"
461,9.422931908500342,"['EUR', 'BRL', 'HRK', 'LAK']"
462,0.2265009656132966,"['EUR', 'SEK', 'PYG', 'EUR']"
463,1.062816558080004,"['EUR', 'ZMW', 'HNL', 'EUR']"
464,0.4862292187999939,"['EUR', 'KES', 'BZD', 'EUR']"
465,0.0262838749999883,"['EUR', 'MDL', 'ILS', 'EUR']"
466,0.0004756187000021228,"['EUR', 'TJS', 'GBP', 'EUR']"
467,0.348637557792042,"['EUR', 'ZMW', 'ISK', 'EUR']"
468,0.02271104347999486,"['EUR', 'XAF', 'VES', 'EUR']"
469,0.005677973240070244,"['EUR', 'DKK', 'HTG', 'EUR']"
470,0.02553679054999591,"['EUR', 'CHF', 'AMD', 'EUR']"
471,0.05881157664002767,"['EUR', 'AED', 'THB', 'EUR']"
472,2.734045129100027,"['EUR', 'JMD', 'BDT', 'EUR']"
473,0.02437812909801274,"['EUR', 'DJF', 'ZAR', 'EUR']"
474,0.4251613999400217,"['EUR', 'EGP', 'UYU', 'EUR']"
475,0.06668233099997867,"['EUR', 'NOK', 'MYR', 'EUR']"
476,2.742067933869996,"['EUR', 'ZWL', 'MWK', 'EUR']"
477,0.2239463345120818,"['EUR', 'AMD', 'AUD', 'EUR']"
478,3.456786577999171,"['EUR', 'ZMW', 'PYG', 'EUR']"
479,0.009109429042064576,"['EUR', 'FOK', 'XAF', 'AWG', 'EUR']"
480,0.01910942323994913,"['EUR', 'BHD', 'ZAR', 'EUR']"
481,0.1480183390399681,"['EUR', 'HUF', 'XDR', 'EUR']"
482,0.006417071600028912,"['EUR', 'XAF', 'KGS', 'EUR']"
483,0.02713781188710129,"['EUR', 'DJF', 'KID', 'EUR']"
484,0.291842500079964,"['EUR', 'NIO', 'MZN', 'EUR']"
485,1.373139458914419,"['EUR', 'ERN', 'DJF', 'TND', 'EUR']"
486,0.0196821118799928,"['EUR', 'CUP', 'SZL', 'EUR']"
487,1.225277505901312,"['EUR', 'USD', 'VUV', 'BDT', 'AUD', 'EUR']"
488,1.330750307851969,"['EUR', 'GEL', 'VUV', 'EUR']"
489,1.591056466559926,"['EUR', 'COP', 'MZN', 'EUR']"
490,0.02082188731997725,"['EUR', 'XOF', 'ALL', 'EUR']"
491,1.027234022800005,"['EUR', 'TZS', 'WST', 'EUR']"
492,3.791298639999963,"['EUR', 'TTD', 'FJD', 'EUR']"
493,0.007906000000024171,"['EUR', 'DKK', 'ANG']"
494,3.155352152439983,"['EUR', 'TJS', 'MAD', 'EUR']"
495,0.00215660000000284,"['EUR', 'DKK', 'CVE']"
496,0.7221228728624407,"['EUR', 'AMD', 'BHD', 'EUR']"
497,0.4420106648527433,"['EUR', 'DKK', 'ZMW', 'SZL', 'EUR']"
498,1.046013089285625,"['EUR', 'AMD', 'IDR', 'EUR']"
499,0.08853798187997697,"['EUR', 'KGS', 'NZD', 'EUR']"
500,0.2835165090200098,"['EUR', 'TJS', 'OMR', 'EUR']"
501,0.0763705649600821,"['EUR', 'SDG', 'MOP', 'EUR']"
502,0.03570875590912514,"['EUR', 'TRY', 'KHR', 'SGD', 'EUR']"
503,0.001716019999986607,"['EUR', 'KGS', 'XPF', 'EUR']"
504,0.05914783326803619,"['EUR', 'JOD', 'NPR', 'EUR']"
505,0.05577392593230091,"['EUR', 'GNF', 'HKD', 'EUR']"
506,1.587572632000023,"['EUR', 'TMT', 'PGK', 'EUR']"
507,0.1594050897000043,"['EUR', 'BWP', 'QAR', 'EUR']"
508,1.001668481725848,"['EUR', 'GNF', 'PGK', 'EUR']"
509,0.01625607440001176,"['EUR', 'FOK', 'BGN', 'EUR']"
510,1.085244428252019,"['EUR', 'CLP', 'VND', 'EUR']"
511,0.314058165600084,"['EUR', 'KES', 'MOP', 'EUR']"
512,1.030955144943002,"['EUR', 'TZS', 'LKR', 'EUR']"
513,4.510788166299973,"['EUR', 'TTD', 'JOD', 'EUR']"
514,0.001609872640173649,"['EUR', 'MRU', 'MNT', 'EUR']"
515,0.4432593496403792,"['EUR', 'TZS', 'ZAR', 'EUR']"
516,2.147034126656089,"['EUR', 'IRR', 'BDT', 'BGN', 'EUR']"
517,0.000336800000000359,"['EUR', 'HRK', 'BHD']"
518,0.02609693439998839,"['EUR', 'AWG', 'PEN', 'EUR']"
519,0.879383257303612,"['EUR', 'BMD', 'PYG', 'EUR']"
520,0.01754073667998846,"['EUR', 'EGP', 'CHF', 'EUR']"
521,0.02687975000001952,"['EUR', 'XOF', 'GGP']"
522,0.9252695204000405,"['EUR', 'BWP', 'AZN', 'EUR']"
523,0.1330228092799368,"['EUR', 'EGP', 'AFN', 'EUR']"
524,1.861133123039993,"['EUR', 'TJS', 'MUR', 'EUR']"
525,0.3981337683999886,"['EUR', 'TMT', 'QAR', 'EUR']"
526,0.06470964548004332,"['EUR', 'DJF', 'MOP', 'EUR']"
527,0.6877573915200053,"['EUR', 'TMT', 'TWD', 'EUR']"
528,0.6088550374249602,"['EUR', 'MDL', 'MNT', 'EUR']"
529,0.01720445127995074,"['EUR', 'JOD', 'SZL', 'EUR']"
530,1.096849526400012,"['EUR', 'TMT', 'PEN', 'EUR']"
531,0.5845919059218607,"['EUR', 'AMD', 'KRW', 'EUR']"
532,0.1281833825599765,"['EUR', 'ERN', 'MUR', 'EUR']"
533,0.006563600000020209,"['EUR', 'MRU', 'XAF']"
534,0.4726958685105975,"['EUR', 'BWP', 'KRW', 'EUR']"
535,0.03310796193003451,"['EUR', 'XOF', 'TVD', 'EUR']"
536,0.3692258207431465,"['EUR', 'THB', 'COP', 'EUR']"
537,0.001777855169549092,"['EUR', 'FOK', 'MNT', 'EUR']"
538,0.219900950960028,"['EUR', 'EGP', 'THB', 'EUR']"
539,0.0216633712400327,"['EUR', 'KES', 'MDL', 'EUR']"
540,1.523580466615981,"['EUR', 'NOK', 'SYP', 'EUR']"
541,0.06468436250002263,"['EUR', 'MDL', 'AUD', 'EUR']"
542,1.144836493259893,"['EUR', 'KGS', 'BWP', 'EUR']"
543,0.0265516819870415,"['EUR', 'GNF', 'LYD', 'EUR']"
544,0.1717106364000021,"['EUR', 'TMT', 'CNY', 'EUR']"
545,1.714094523619969,"['EUR', 'BWP', 'PKR', 'EUR']"
546,0.286475298799993,"['EUR', 'PEN', 'MYR', 'EUR']"
547,0.06843928162336699,"['EUR', 'GEL', 'UZS', 'EUR']"
548,0.01163627437998915,"['EUR', 'PHP', 'BAM', 'EUR']"
549,0.05140385899999877,"['EUR', 'NOK', 'BGN', 'EUR']"
550,0.02497649299999516,"['EUR', 'ILS', 'FKP', 'EUR']"
551,0.06647808799999932,"['EUR', 'HRK', 'MOP', 'EUR']"
552,0.1177264198740202,"['EUR', 'JOD', 'KRW', 'EUR']"
553,0.03791260319998546,"['EUR', 'AWG', 'AUD', 'EUR']"
554,0.04814784800002414,"['EUR', 'INR', 'JEP', 'EUR']"
555,0.3233215088400243,"['EUR', 'ARS', 'MKD', 'EUR']"
556,4.428995623999965,"['EUR', 'TTD', 'XDR', 'EUR']"
557,0.2631614327548437,"['EUR', 'PHP', 'VND', 'EUR']"
558,0.7318635603235091,"['EUR', 'ERN', 'BIF', 'EUR']"
559,1.177285305599973,"['EUR', 'ZMW', 'PEN', 'EUR']"
560,0.1346125675599996,"['EUR', 'EGP', 'OMR', 'EUR']"
561,0.1350357769998922,"['EUR', 'MGA', 'MYR', 'EUR']"
562,1.683053475605067,"['EUR', 'JMD', 'CRC', 'EUR']"
563,0.821736817999974,"['EUR', 'NOK', 'BYN', 'EUR']"
564,0.7445052760959747,"['EUR', 'ZMW', 'ALL', 'EUR']"
565,1.072585819999983,"['EUR', 'TTD', 'GGP', 'EUR']"
566,0.3821612393600571,"['EUR', 'BMD', 'PHP', 'EUR']"
567,0.2507270113700555,"['EUR', 'TZS', 'ETB', 'EUR']"
568,0.05895237407840259,"['EUR', 'GNF', 'MZN', 'EUR']"
569,0.2975555098880589,"['EUR', 'ANG', 'ARS', 'EUR']"
570,0.01606693759999001,"['EUR', 'ANG', 'XCD', 'EUR']"
571,0.2671171361940061,"['EUR', 'IRR', 'SGD', 'EUR']"
572,0.882218936250867,"['EUR', 'AED', 'PYG', 'EUR']"
573,0.1606582558736136,"['EUR', 'HUF', 'INR', 'GIP', 'EUR']"
574,0.2709685179200116,"['EUR', 'EGP', 'HNL', 'EUR']"
575,0.1229147071999837,"['EUR', 'BRL', 'ILS', 'EUR']"
576,1.860909588209658,"['EUR', 'GNF', 'RUB', 'EUR']"
577,1.769249235533454,"['EUR', 'IRR', 'MGA', 'NZD', 'EUR']"
578,0.20599722653587,"['EUR', 'SRD', 'CLP', 'MXN', 'EUR']"
579,5.225200209226721,"['EUR', 'CVE', 'AMD', 'MRU', 'EUR']"
580,0.2989349802439811,"['EUR', 'BSD', 'IDR', 'EUR']"
581,0.9871427017600132,"['EUR', 'JMD', 'FJD', 'EUR']"
582,0.02999170033999299,"['EUR', 'MRU', 'BTN', 'EUR']"
583,0.03970149537568801,"['EUR', 'ILS', 'THB', 'STN', 'EUR']"
584,1.025450760671398,"['EUR', 'IRR', 'BOB', 'EUR']"
585,0.7091960300000366,"['EUR', 'MDL', 'ALL', 'EUR']"
586,0.8508897790100223,"['EUR', 'JMD', 'BBD', 'EUR']"
587,0.0004400165000806311,"['EUR', 'HRK', 'GNF']"
588,0.01622958080000902,"['EUR', 'AED', 'BHD', 'EUR']"
589,0.02812814862012125,"['EUR', 'HUF', 'LYD', 'EUR']"
590,0.5477380107200114,"['EUR', 'PAB', 'MAD', 'EUR']"
591,0.03351355399998646,"['EUR', 'TMT', 'GBP', 'EUR']"
592,0.1190785640399872,"['EUR', 'SEK', 'TWD', 'EUR']"
593,0.00665600000000488,"['EUR', 'BRL', 'NAD']"
594,0.1157022752900305,"['EUR', 'TRY', 'NPR', 'EUR']"
595,0.3479852614399537,"['EUR', 'AMD', 'XDR', 'EUR']"
596,4.546371538699989,"['EUR', 'TTD', 'BHD', 'EUR']"
597,4.024729981760089,"['EUR', 'ZWL', 'MVR', 'EUR']"
598,0.362466656400029,"['EUR', 'TMT', 'HKD', 'EUR']"
599,0.3933371692609544,"['EUR', 'TZS', 'UAH', 'EUR']"
600,0.0188000000000077,"['EUR', 'SAR', 'SRD']"
601,0.002371106218235219,"['EUR', 'ANG', 'IQD', 'EUR']"
602,2.25046715590953,"['EUR', 'JMD', 'MGA', 'EUR']"
603,4.769315003024044,"['EUR', 'AMD', 'SDG', 'EUR']"
604,0.3092376439999933,"['EUR', 'PEN', 'PLN', 'EUR']"
605,0.6721996888868542,"['EUR', 'BTN', 'BIF', 'EUR']"
606,0.6496737127596353,"['EUR', 'IRR', 'CDF', 'EUR']"
607,0.02233469455998893,"['EUR', 'ILS', 'SRD', 'EUR']"
608,0.1551019282569843,"['EUR', 'RSD', 'USD', 'EUR']"
609,0.01487891689997412,"['EUR', 'XOF', 'TTD', 'EUR']"
610,0.8662098320000089,"['EUR', 'BTN', 'SBD', 'EUR']"
611,0.5930808520247632,"['EUR', 'TMT', 'UZS', 'EUR']"
612,0.03199005800000876,"['EUR', 'DKK', 'AUD', 'EUR']"
613,2.187098561503964,"['EUR', 'BRL', 'ALL', 'EUR']"
614,0.1467616323650001,"['EUR', 'CLP', 'MYR', 'EUR']"
615,0.0835429912638963,"['EUR', 'MGA', 'ILS', 'EUR']"
616,0.9960999936000192,"['EUR', 'JMD', 'EGP', 'EUR']"
617,4.005288890694803,"['EUR', 'TTD', 'MNT', 'EUR']"
618,0.4236227134400083,"['EUR', 'DZD', 'OMR', 'EUR']"
619,0.03062997200000694,"['EUR', 'USD', 'CHF', 'EUR']"
620,0.05899382528000707,"['EUR', 'ERN', 'THB', 'EUR']"
621,0.4636384853789366,"['EUR', 'CUP', 'VUV', 'EUR']"
622,0.7189239795200475,"['EUR', 'AMD', 'ERN', 'EUR']"
623,1.609734980400002,"['EUR', 'TJS', 'TOP', 'EUR']"
624,0.0002648848000275095,"['EUR', 'FOK', 'UZS']"
625,1.075390982719937,"['EUR', 'SEK', 'AFN', 'EUR']"
626,0.08120499649999502,"['EUR', 'TRY', 'BTN', 'EUR']"
627,0.3521446980000231,"['EUR', 'TMT', 'AED', 'EUR']"
628,0.1579282912000046,"['EUR', 'RSD', 'CAD', 'EUR']"
629,0.02142962239999324,"['EUR', 'ANG', 'BHD', 'EUR']"
630,0.4894457125865559,"['EUR', 'ARS', 'UZS', 'EUR']"
631,0.2001258924938298,"['EUR', 'PEN', 'COP', 'EUR']"
632,0.4332780718573126,"['EUR', 'PKR', 'PYG', 'EUR']"
633,4.105325635640034,"['EUR', 'AMD', 'JMD', 'EUR']"
634,6.959031502400048,"['EUR', 'AMD', 'BDT', 'EUR']"
635,0.3849838639600422,"['EUR', 'SAR', 'PHP', 'EUR']"
636,4.526580640000066,"['EUR', 'ZWL', 'WST', 'EUR']"
637,0.003944113710008246,"['EUR', 'XAF', 'NIO', 'EUR']"
638,0.04915572319998951,"['EUR', 'AWG', 'NZD', 'EUR']"
639,0.2824181575680207,"['EUR', 'TZS', 'EGP', 'EUR']"
640,0.05523425997997489,"['EUR', 'KES', 'SZL', 'EUR']"
641,0.3549793915468724,"['EUR', 'BHD', 'HRK', 'IRR']"
642,1.664323844230009,"['EUR', 'JMD', 'PGK', 'EUR']"
643,0.1795203094400177,"['EUR', 'EGP', 'AUD', 'EUR']"
644,0.3085770026599599,"['EUR', 'GEL', 'INR', 'EUR']"
645,0.5321856089999466,"['EUR', 'CLP', 'DZD', 'EUR']"
646,1.292400813111172,"['EUR', 'TJS', 'TRY', 'BOB', 'EUR']"
647,1.092463877194949,"['EUR', 'INR', 'CRC', 'EUR']"
648,0.0007374188331743525,"['EUR', 'FOK', 'RWF', 'EUR']"
649,0.406810624999987,"['EUR', 'MDL', 'NAD', 'EUR']"
650,0.0002848500800789466,"['EUR', 'FOK', 'XPF', 'EUR']"
651,0.1394408236039979,"['EUR', 'EGP', 'SOS', 'EUR']"
652,0.01986800000000066,"['EUR', 'KHR', 'XAF']"
653,0.3881326627199977,"['EUR', 'PEN', 'THB', 'EUR']"
654,0.3246903152000158,"['EUR', 'GEL', 'MOP', 'EUR']"
655,0.01467920000002287,"['EUR', 'JOD', 'NOK', 'EUR']"
656,1.501195605287564,"['EUR', 'COP', 'MNT', 'EUR']"
657,0.3332112539900178,"['EUR', 'BWP', 'UYU', 'EUR']"
658,3.137206932480008,"['EUR', 'KGS', 'PGK', 'EUR']"
659,0.0973502913099944,"['EUR', 'SEK', 'BWP', 'EUR']"
660,6.746980215680054,"['EUR', 'AMD', 'SBD', 'EUR']"
661,0.1607817063059791,"['EUR', 'RSD', 'LBP', 'EUR']"
662,0.002726000000019546,"['EUR', 'XAF', 'MDL']"
663,0.2746620677599676,"['EUR', 'ILS', 'PKR', 'EUR']"
664,0.01239775999997139,"['EUR', 'NOK', 'CAD', 'EUR']"
665,1.255745320940016,"['EUR', 'BWP', 'MKD', 'EUR']"
666,0.1486145000000549,"['EUR', 'MDL', 'CLP', 'EUR']"
667,0.4831459262999882,"['EUR', 'KES', 'QAR', 'EUR']"
668,0.1690718832199511,"['EUR', 'CUP', 'MZN', 'EUR']"
669,0.4793271269152077,"['EUR', 'TZS', 'CAD', 'EUR']"
670,0.002860595599996074,"['EUR', 'FOK', 'IRR']"
671,0.1231937237641034,"['EUR', 'SRD', 'KRW', 'EUR']"
672,4.843613504672084,"['EUR', 'AMD', 'YER', 'EUR']"
673,0.8856684560000216,"['EUR', 'BTN', 'WST', 'EUR']"
674,0.01415851999999607,"['EUR', 'HRK', 'GBP', 'EUR']"
675,28.51399369265304,"['EUR', 'SDG', 'BYN', 'EUR']"
676,0.4448095006720276,"['EUR', 'KES', 'KWD', 'EUR']"
677,0.2672764099999947,"['EUR', 'BWP', 'RON', 'EUR']"
678,0.2060021075562357,"['EUR', 'SEK', 'COP', 'EUR']"
679,2.694451077919946,"['EUR', 'COP', 'MGA', 'BRL', 'EUR']"
680,0.0007200500000026366,"['EUR', 'JOD', 'XAF']"
681,0.1432110843200052,"['EUR', 'DZD', 'YER', 'EUR']"
682,0.6144692809851859,"['EUR', 'SDG', 'EGP', 'LSL', 'EUR']"
683,0.2934411839360163,"['EUR', 'BMD', 'ARS', 'EUR']"
684,0.0376222560000139,"['EUR', 'SAR', 'KID', 'EUR']"
685,0.05380210607599523,"['EUR', 'SEK', 'RSD', 'EUR']"
686,0.004499934720025855,"['EUR', 'AED', 'MXN', 'EUR']"
687,6.894429298100824,"['EUR', 'TTD', 'PYG', 'EUR']"
688,0.3507692527999762,"['EUR', 'BRL', 'AZN', 'EUR']"
689,0.04943869649358668,"['EUR', 'IRR', 'KMF', 'EUR']"
690,0.01759391000002442,"['EUR', 'GEL', 'SHP', 'EUR']"
691,0.1342356346999862,"['EUR', 'EGP', 'ERN', 'EUR']"
692,0.2337951168225327,"['EUR', 'GNF', 'CDF', 'EUR']"
693,4.554268183999977,"['EUR', 'TTD', 'BZD', 'EUR']"
694,0.003049195399995597,"['EUR', 'GEL', 'BAM', 'EUR']"
695,4.616821330784004,"['EUR', 'AMD', 'DZD', 'EUR']"
696,0.04379462000001499,"['EUR', 'NOK', 'PEN', 'EUR']"
697,2.268856658912011,"['EUR', 'TZS', 'MUR', 'EUR']"
698,0.002780703026750153,"['EUR', 'FOK', 'MMK', 'EUR']"
699,0.2082344178500062,"['EUR', 'SEK', 'UYU', 'EUR']"
700,0.02975266793598941,"['EUR', 'ANG', 'SOS', 'EUR']"
701,0.02773710719998768,"['EUR', 'ANG', 'MYR', 'EUR']"
702,0.3209265885401491,"['EUR', 'IRR', 'XCD', 'EUR']"
703,1.656210926599977,"['EUR', 'TJS', 'BYN', 'EUR']"
704,0.3608820840800275,"['EUR', 'TZS', 'PLN', 'EUR']"
705,0.01238055775996116,"['EUR', 'GTQ', 'PKR', 'EUR']"
706,1.244253289213404,"['EUR', 'SRD', 'MMK', 'EUR']"
707,0.03212934623997299,"['EUR', 'USD', 'JPY', 'EUR']"
708,0.06670826880001979,"['EUR', 'USD', 'MOP', 'EUR']"
709,0.3124902364099569,"['EUR', 'RSD', 'INR', 'EUR']"
710,0.003244054400042273,"['EUR', 'TRY', 'GMD', 'EUR']"
711,0.01201407260000842,"['EUR', 'SAR', 'USD', 'EUR']"
712,0.02244675500000515,"['EUR', 'NOK', 'NZD', 'EUR']"
713,0.003551013200020492,"['EUR', 'FOK', 'AZN', 'EUR']"
714,1.068062942105064,"['EUR', 'JMD', 'GGP', 'EUR']"
715,0.02664320386778218,"['EUR', 'FOK', 'XAF', 'IMP', 'EUR']"
716,1.229159700903093,"['EUR', 'SEK', 'BWP', 'ETB', 'EUR']"
717,2.614017459034312,"['EUR', 'TJS', 'BIF', 'EUR']"
718,0.0953648408000829,"['EUR', 'XOF', 'MOP', 'EUR']"
719,1.291326493759981,"['EUR', 'TMT', 'PKR', 'EUR']"
720,1.063988063762089,"['EUR', 'DKK', 'ZMW', 'HNL', 'EUR']"
721,1.078691171550039,"['EUR', 'ZWL', 'SGD', 'EUR']"
722,0.41185590080004,"['EUR', 'DZD', 'VES', 'EUR']"
723,0.5163983506457193,"['EUR', 'XOF', 'TJS', 'RUB', 'EUR']"
724,0.3019903419248404,"['EUR', 'GNF', 'IDR', 'EUR']"
725,0.8779599110282144,"['EUR', 'BHD', 'PYG', 'EUR']"
726,1.931371696721706,"['EUR', 'COP', 'ZMW', 'LKR', 'EUR']"
727,3.391045564674844,"['EUR', 'TMT', 'PYG', 'EUR']"
728,0.007949810600016427,"['EUR', 'ILS', 'AED', 'EUR']"
729,0.8611389019800075,"['EUR', 'TZS', 'PHP', 'EUR']"
730,0.005899799999986577,"['EUR', 'ARS', 'DKK']"
731,1.663415219599984,"['EUR', 'MRU', 'BDT', 'EUR']"
732,0.6912122372426444,"['EUR', 'HRK', 'BWP', 'GEL', 'EUR']"
733,1.524251359519968,"['EUR', 'NOK', 'LRD', 'EUR']"
734,0.0004155920000137314,"['EUR', 'HRK', 'AWG', 'EUR']"
735,0.4105398180742847,"['EUR', 'PEN', 'THB', 'STN', 'EUR']"
736,0.197185495680019,"['EUR', 'PAB', 'TWD', 'EUR']"
737,1.051846938440004,"['EUR', 'DZD', 'CRC', 'EUR']"
738,0.0250521042499896,"['EUR', 'SDG', 'MYR', 'EUR']"
739,0.0001655246999465732,"['EUR', 'SAR', 'KHR']"
740,0.2568249955999802,"['EUR', 'PAB', 'BDT', 'EUR']"
741,4.554013164859971,"['EUR', 'TTD', 'OMR', 'EUR']"
742,0.01403844293843548,"['EUR', 'IRR', 'GEL', 'EUR']"
743,0.2982331615606348,"['EUR', 'KHR', 'AFN', 'MYR', 'EUR']"
744,1.416963319076192,"['EUR', 'BWP', 'VND', 'EUR']"
745,1.013872174656005,"['EUR', 'ZWL', 'LBP', 'EUR']"
746,1.325208020036062,"['EUR', 'JMD', 'RSD', 'EUR']"
747,0.6167770001920259,"['EUR', 'TZS', 'HUF', 'EUR']"
748,0.5064332945300176,"['EUR', 'AFN', 'CRC', 'EUR']"
749,3.513468570324263,"['EUR', 'TZS', 'BRL', 'YER', 'EUR']"
750,1.369218824999074,"['EUR', 'KES', 'CRC', 'EUR']"
751,0.9911165954000767,"['EUR', 'ZWL', 'SAR', 'EUR']"
752,0.005793333911174869,"['EUR', 'ARS', 'MNT', 'EUR']"
753,1.129612936352054,"['EUR', 'BWP', 'ARS', 'EUR']"
754,0.643480670498664,"['EUR', 'ZMW', 'KHR', 'EUR']"
755,3.183883314699965,"['EUR', 'TTD', 'JPY', 'EUR']"
756,0.4462611795844174,"['EUR', 'IRR', 'SLL', 'EUR']"
757,0.5232299455999678,"['EUR', 'TRY', 'MVR', 'EUR']"
758,0.5937658788999878,"['EUR', 'CUP', 'PGK', 'EUR']"
759,0.004354944000062311,"['EUR', 'BTN', 'NPR', 'EUR']"
760,0.02332231423998188,"['EUR', 'ERN', 'KWD', 'EUR']"
761,0.09801169340000193,"['EUR', 'TJS', 'NZD', 'EUR']"
762,0.9002273094412816,"['EUR', 'IRR', 'VND', 'EUR']"
763,0.2783204224676261,"['EUR', 'ILS', 'KRW', 'EUR']"
764,0.007430013799991642,"['EUR', 'SAR', 'BAM', 'EUR']"
765,0.1295776819999706,"['EUR', 'EGP', 'PLN', 'EUR']"
766,0.4437183006399614,"['EUR', 'IRR', 'CLP', 'EUR']"
767,0.06093773355679843,"['EUR', 'GNF', 'NPR', 'EUR']"
768,0.6916099618520688,"['EUR', 'GEL', 'KRW', 'EUR']"
769,0.3491135909404974,"['EUR', 'ERN', 'PEN', 'PLN', 'EUR']"
770,0.09609279488000944,"['EUR', 'PAB', 'AFN', 'EUR']"
771,2.689837550342977,"['EUR', 'GEL', 'BIF', 'EUR']"
772,0.1138916095999809,"['EUR', 'BRL', 'SAR', 'EUR']"
773,0.3651624800000031,"['EUR', 'BRL', 'RON', 'EUR']"
774,5.665881134240047,"['EUR', 'AMD', 'HNL', 'EUR']"
775,2.927412680521879,"['EUR', 'EGP', 'COP', 'MGA', 'EUR']"
776,0.830304437899998,"['EUR', 'MDL', 'CDF', 'EUR']"
777,0.8172008447999923,"['EUR', 'GTQ', 'MUR', 'EUR']"
778,0.1550054963138425,"['EUR', 'TJS', 'KHR', 'EUR']"
779,2.769100457800033,"['EUR', 'AFN', 'MAD', 'EUR']"
780,0.4384074047299569,"['EUR', 'ERN', 'PKR', 'EUR']"
781,0.0064432047999885,"['EUR', 'ANG', 'BAM', 'EUR']"
782,0.1121783655399611,"['EUR', 'PKR', 'MXN', 'EUR']"
783,0.575678837070015,"['EUR', 'CHF', 'DZD', 'EUR']"
784,0.02113135500207974,"['EUR', 'SDG', 'TVD', 'EUR']"
785,1.002156288950018,"['EUR', 'ZWL', 'ERN', 'EUR']"
786,0.005302922335981286,"['EUR', 'CVE', 'VND', 'EUR']"
787,1.412457733541794,"['EUR', 'JMD', 'INR', 'COP', 'EUR']"
788,0.01223313699110218,"['EUR', 'KHR', 'SZL', 'EUR']"
789,0.1404175688000109,"['EUR', 'BWP', 'AWG', 'EUR']"
790,1.12708489933806,"['EUR', 'BRL', 'PYG', 'EUR']"
791,0.06188933868400692,"['EUR', 'USD', 'NPR', 'EUR']"
792,0.4816828144658114,"['EUR', 'BWP', 'IRR', 'EUR']"
793,2.951978453359949,"['EUR', 'TTD', 'BTN', 'EUR']"
794,0.003039962339990154,"['EUR', 'SEK', 'CHF', 'EUR']"
795,0.04047429600002594,"['EUR', 'CHF', 'SBD', 'EUR']"
796,0.2837415436999668,"['EUR', 'KGS', 'MDL', 'EUR']"
797,3.587105456712525,"['EUR', 'MDL', 'PYG', 'EUR']"
798,5.233283094856089,"['EUR', 'HUF', 'BYN', 'EUR']"
799,0.3621038000000354,"['EUR', 'MDL', 'KYD', 'EUR']"
800,5.417378145200002,"['EUR', 'ZWL', 'TOP', 'EUR']"
801,0.01588929409999107,"['EUR', 'MRU', 'NAD', 'EUR']"
802,0.4864876995052558,"['EUR', 'TZS', 'BBD', 'EUR']"
803,1.929368979199997,"['EUR', 'DZD', 'MUR', 'EUR']"
804,0.04435625384000552,"['EUR', 'RSD', 'XDR', 'EUR']"
805,0.02930213276002291,"['EUR', 'BMD', 'INR', 'EUR']"
806,0.1709151671599685,"['EUR', 'ILS', 'LRD', 'EUR']"
807,0.01171826230004225,"['EUR', 'CLP', 'XPF', 'EUR']"
808,1.964581640359953,"['EUR', 'KES', 'RUB', 'EUR']"
809,1.109246851510792,"['EUR', 'INR', 'COP', 'EUR']"
810,0.006142877000070435,"['EUR', 'CVE', 'MRU', 'EUR']"
811,1.164887106035817,"['EUR', 'JMD', 'TJS', 'KID', 'EUR']"
812,0.3106067600000095,"['EUR', 'BMD', 'WST', 'EUR']"
813,0.07352803226998716,"['EUR', 'XAF', 'NPR', 'EUR']"
814,1.456728752600012,"['EUR', 'MRU', 'SBD', 'EUR']"
815,0.0223705566034571,"['EUR', 'CHF', 'IDR', 'EUR']"
816,0.6617301597823699,"['EUR', 'IRR', 'AFN', 'EUR']"
817,1.281322264143347,"['EUR', 'SRD', 'MGA', 'OMR', 'EUR']"
818,0.1141706820795063,"['EUR', 'DKK', 'KES', 'PLN', 'EUR']"
819,0.3153309983999986,"['EUR', 'TJS', 'MYR', 'EUR']"
820,0.04032332479999567,"['EUR', 'DKK', 'SBD', 'EUR']"
821,1.693355941167551,"['EUR', 'TMT', 'VUV', 'CHF', 'EUR']"
822,2.837564205559917,"['EUR', 'KGS', 'PKR', 'EUR']"
823,0.01682701030401024,"['EUR', 'ANG', 'SAR', 'FJD', 'EUR']"
824,0.6799025088000121,"['EUR', 'ZMW', 'LYD', 'EUR']"
825,0.1519686453000269,"['EUR', 'TRY', 'AUD', 'EUR']"
826,0.5089973817909987,"['EUR', 'IRR', 'MVR', 'EUR']"
827,0.00636920000001151,"['EUR', 'INR', 'KID']"
828,0.0173770945999685,"['EUR', 'ILS', 'THB', 'EUR']"
829,0.6282422482134509,"['EUR', 'BMD', 'AFN', 'CRC', 'EUR']"
830,0.05593354848001386,"['EUR', 'USD', 'THB', 'EUR']"
831,0.01195888399998513,"['EUR', 'FOK', 'BBD', 'EUR']"
832,0.0846815632999709,"['EUR', 'HUF', 'INR', 'EUR']"
833,0.6894829763639754,"['EUR', 'BWP', 'YER', 'EUR']"
834,0.2903497856000081,"['EUR', 'GEL', 'KWD', 'EUR']"
835,0.03685142000000585,"['EUR', 'TRY', 'CHF', 'EUR']"
836,0.02776674939999335,"['EUR', 'EGP', 'ILS', 'EUR']"
837,0.0526261811407247,"['EUR', 'SEK', 'IDR', 'EUR']"
838,0.03132364425002532,"['EUR', 'INR', 'CHF', 'EUR']"
839,0.01159574379998585,"['EUR', 'EGP', 'STN', 'EUR']"
840,0.529765308899921,"['EUR', 'KES', 'MZN', 'EUR']"
841,0.03518818459997686,"['EUR', 'ILS', 'BBD', 'EUR']"
842,0.2317734080000022,"['EUR', 'GEL', 'XDR', 'EUR']"
843,0.0006611027000502645,"['EUR', 'GNF', 'SAR']"
844,0.5222637811999942,"['EUR', 'TRY', 'LRD', 'EUR']"
845,0.1535293742600308,"['EUR', 'RSD', 'SAR', 'EUR']"
846,-0.003137179452537886,"['EUR', 'GEL', 'HKD', 'EUR']"
847,-2.29999735509856e-06,"['EUR', 'FKP', 'EUR']"
848,-0.001054737568717989,"['EUR', 'RUB', 'EUR']"
849,-8.311965455476411e-06,"['EUR', 'GMD', 'EUR']"
850,-5.449851492900226e-05,"['EUR', 'BND', 'EUR']"
851,-0.0001705228601505127,"['EUR', 'KMF', 'EUR']"
852,-5.399998541655293e-07,"['EUR', 'BGN', 'EUR']"
853,-0.0001737558495777947,"['EUR', 'ILS', 'THB', 'EUR']"
854,-0.006184261845677774,"['EUR', 'KGS', 'UAH', 'EUR']"
855,-5.422675370247987e-05,"['EUR', 'UZS', 'EUR']"
856,-0.01093552283006272,"['EUR', 'JMD', 'SOS', 'EUR']"
857,-1.407990087787248e-05,"['EUR', 'KWD', 'EUR']"
858,-2.159997667838809e-06,"['EUR', 'XPF', 'EUR']"
859,-2.532967920088058e-05,"['EUR', 'AZN', 'EUR']"
860,-7.303733270980217e-05,"['EUR', 'ETB', 'EUR']"
861,-4.794262507878955e-06,"['EUR', 'RWF', 'EUR']"
862,-5.276700779610621e-05,"['EUR', 'VND', 'EUR']"
863,-8.999595024317131e-05,"['EUR', 'STN', 'EUR']"
864,-7.983712129622234e-06,"['EUR', 'SYP', 'EUR']"
865,-0.005840392977916053,"['EUR', 'SEK', 'PEN', 'ARS', 'EUR']"
866,-0.0001458249930177402,"['EUR', 'PYG', 'EUR']"
867,-0.002913454189284792,"['EUR', 'KES', 'HUF', 'ZAR', 'EUR']"
868,-0.0001254521305523726,"['EUR', 'TOP', 'EUR']"
869,-0.005876141309668625,"['EUR', 'INR', 'YER', 'EUR']"
870,-0.0004258881767542633,"['EUR', 'TRY', 'EGP', 'EUR']"
871,-0.0002027294489963527,"['EUR', 'QAR', 'EUR']"
872,-2.894675810161118e-06,"['EUR', 'LBP', 'EUR']"
873,-3.199994880020984e-06,"['EUR', 'CAD', 'EUR']"
874,-0.0002244947991567603,"['EUR', 'VES', 'EUR']"
875,-2.823360142834019e-05,"['EUR', 'JPY', 'EUR']"
876,-5.572644725271303e-05,"['EUR', 'CZK', 'EUR']"
877,-0.002834946511598879,"['EUR', 'TJS', 'LBP', 'EUR']"
878,-1.093606020141635e-05,"['EUR', 'UGX', 'EUR']"
879,-7.768298259902551e-05,"['EUR', 'NAD', 'EUR']"
880,-0.0001277602383131793,"['EUR', 'SRD', 'SAR', 'EUR']"
881,-0.0002770716121158756,"['EUR', 'HKD', 'EUR']"
882,-8.479640468328498e-05,"['EUR', 'KID', 'EUR']"
883,-4.295907724569115e-05,"['EUR', 'KYD', 'EUR']"
884,-3.972611010749638e-05,"['EUR', 'AED', 'KWD', 'EUR']"
885,-0.0002857729630170169,"['EUR', 'SOS', 'EUR']"
886,-0.007023591364299531,"['EUR', 'TRY', 'NIO', 'BMD', 'EUR']"
887,-1.768484362241196e-05,"['EUR', 'MXN', 'EUR']"
888,-0.0003656286756879013,"['EUR', 'INR', 'LSL', 'EUR']"
889,-0.0009638939958875881,"['EUR', 'LAK', 'EUR']"
890,-0.02909246491503792,"['EUR', 'TTD', 'BTN', 'EUR']"
891,-0.0003592954456601571,"['EUR', 'BOB', 'EUR']"
892,-0.01097268635676674,"['EUR', 'SEK', 'MVR', 'EUR']"
893,-0.0002545585972106856,"['EUR', 'UAH', 'EUR']"
894,-0.02936635362741047,"['EUR', 'TRY', 'WST', 'EUR']"
895,-0.007917704995441532,"['EUR', 'JMD', 'ISK', 'EUR']"
896,-0.0002645503894598278,"['EUR', 'SRD', 'LYD', 'EUR']"
897,-0.002111256238386261,"['EUR', 'ZMW', 'JPY', 'EUR']"
898,-9.265643925937539e-05,"['EUR', 'NOK', 'CZK', 'EUR']"
899,-0.006937368556229728,"['EUR', 'EGP', 'BOB', 'EUR']"
900,-7.539515771348704e-05,"['EUR', 'MZN', 'EUR']"
901,-0.0001879823302144423,"['EUR', 'RON', 'EUR']"
902,-0.01741016778514659,"['EUR', 'DZD', 'MGA', 'EUR']"
903,-5.281727257777646e-05,"['EUR', 'ARS', 'IQD', 'EUR']"
904,-0.0001415751777615881,"['EUR', 'HRK', 'SHP', 'EUR']"
905,-0.004819736035005739,"['EUR', 'TZS', 'MYR', 'EUR']"
906,-0.005360008872147937,"['EUR', 'GTQ', 'MGA', 'EUR']"
907,-4.308597178681595e-05,"['EUR', 'NPR', 'EUR']"
908,-2.482159194183708e-05,"['EUR', 'ISK', 'EUR']"
909,-0.001192855596023001,"['EUR', 'HUF', 'TJS', 'EUR']"
910,-2.044979090159993e-05,"['EUR', 'NZD', 'EUR']"
911,-0.0002439650945764704,"['EUR', 'ILS', 'SDG', 'EUR']"
912,-0.0001511405776879471,"['EUR', 'MKD', 'EUR']"
913,-0.0001351708640071614,"['EUR', 'XCD', 'EUR']"
914,-0.0002547875388980714,"['EUR', 'LYD', 'EUR']"
915,-7.543715454638722e-05,"['EUR', 'BZD', 'EUR']"
916,-1.678505113034134e-05,"['EUR', 'CDF', 'EUR']"
917,-1.401850174076458e-05,"['EUR', 'LRD', 'EUR']"
918,-0.004628665985198843,"['EUR', 'KES', 'PAB', 'EUR']"
919,-0.003054964552260842,"['EUR', 'ZMW', 'XDR', 'EUR']"
920,-0.0001801357745767618,"['EUR', 'SSP', 'EUR']"
921,-0.0008519266443629547,"['EUR', 'ILS', 'ISK', 'EUR']"
922,-0.002002000770130019,"['EUR', 'BRL', 'NPR', 'EUR']"
923,-0.01013375859362853,"['EUR', 'ZWL', 'BMD', 'EUR']"
924,-5.239986271332597e-06,"['EUR', 'CNY', 'EUR']"
925,-4.430811838140869e-05,"['EUR', 'NGN', 'EUR']"
926,-0.0002266743074379463,"['EUR', 'PLN', 'EUR']"
927,-0.0001408460381808752,"['EUR', 'CVE', 'IDR', 'EUR']"
928,-0.0003706258472546686,"['EUR', 'CUP', 'KID', 'EUR']"
929,-4.86778152155587e-05,"['EUR', 'SCR', 'EUR']"
930,-0.001112261208104481,"['EUR', 'TND', 'EUR']"
931,-0.0007424378967657574,"['EUR', 'ZWL', 'ZAR', 'EUR']"
932,-0.003967101868544098,"['EUR', 'DJF', 'CRC', 'EUR']"
933,-0.00037514562407992,"['EUR', 'MUR', 'EUR']"
934,-2.691758352091345e-05,"['EUR', 'AWG', 'MNT', 'EUR']"
935,-0.02514457600751729,"['EUR', 'KGS', 'HNL', 'EUR']"
936,-0.0002348990330620637,"['EUR', 'FOK', 'VES', 'EUR']"
937,-0.002305031060234608,"['EUR', 'GEL', 'IQD', 'EUR']"
938,-0.002823146868077941,"['EUR', 'GEL', 'BND', 'EUR']"
939,-5.340177410051439e-05,"['EUR', 'HTG', 'EUR']"
940,-0.006503278400817061,"['EUR', 'BSD', 'CLP', 'LRD', 'EUR']"
941,-0.003976524948016369,"['EUR', 'KES', 'NGN', 'EUR']"
942,-0.009756870566676179,"['EUR', 'TMT', 'DOP', 'EUR']"
943,-0.0001733539733317357,"['EUR', 'AOA', 'EUR']"
944,-0.009862026281167502,"['EUR', 'ZWL', 'AED', 'EUR']"
945,-9.342563568948137e-05,"['EUR', 'PGK', 'EUR']"
946,-9.505648198970817e-05,"['EUR', 'KZT', 'EUR']"
947,-1.716005276541921e-05,"['EUR', 'KGS', 'XPF', 'EUR']"
948,-2.610465927022076e-05,"['EUR', 'UYU', 'EUR']"
949,-0.003925656211459128,"['EUR', 'TZS', 'UAH', 'EUR']"
950,-0.003319214804744952,"['EUR', 'DZD', 'GEL', 'EUR']"
951,-0.0002897818091955884,"['EUR', 'LKR', 'EUR']"
952,-0.01046157370884071,"['EUR', 'ZWL', 'USD', 'EUR']"
953,-0.004246222025516388,"['EUR', 'BYN', 'EUR']"
954,-0.0327272333807509,"['EUR', 'BRL', 'VUV', 'EUR']"
955,-0.002521037663401948,"['EUR', 'AFN', 'PHP', 'EUR']"
956,-1.223801431571303e-05,"['EUR', 'DJF', 'PEN', 'EUR']"
957,-5.338949875532961e-05,"['EUR', 'KRW', 'EUR']"
958,-0.01092924494143865,"['EUR', 'EGP', 'VUV', 'EUR']"
959,-5.641840845160839e-05,"['EUR', 'OMR', 'EUR']"
960,-3.423941382463269e-05,"['EUR', 'FJD', 'EUR']"
961,-1.004415195771102e-05,"['EUR', 'SRD', 'GMD', 'EUR']"
962,-0.005920100362732938,"['EUR', 'CUP', 'PGK', 'EUR']"
963,-4.639892355334796e-05,"['EUR', 'XDR', 'EUR']"
964,-8.953399171218734e-05,"['EUR', 'ZAR', 'EUR']"
965,-0.0002638748044816452,"['EUR', 'XAF', 'GBP', 'EUR']"
966,-0.0003884645378802176,"['EUR', 'SBD', 'EUR']"
967,-0.000472825950191158,"['EUR', 'CVE', 'TVD', 'EUR']"
968,-0.0002579667237233574,"['EUR', 'WST', 'EUR']"
969,-0.002998387054749418,"['EUR', 'TJS', 'PAB', 'NOK', 'EUR']"
970,-0.01440980961766947,"['EUR', 'SDG', 'PGK', 'EUR']"
971,-0.001176571766640433,"['EUR', 'JOD', 'KRW', 'EUR']"
972,-0.002329287103279842,"['EUR', 'MAD', 'EUR']"
973,-0.0003535774841134653,"['EUR', 'GHS', 'EUR']"
974,-0.0001068083739770298,"['EUR', 'AWG', 'SRD', 'GBP', 'EUR']"
975,-0.007301137112089018,"['EUR', 'AED', 'BIF', 'EUR']"
976,-2.213415503771188e-05,"['EUR', 'ALL', 'EUR']"
977,-4.848882439789648e-05,"['EUR', 'MYR', 'EUR']"
978,-0.01686597496361664,"['EUR', 'GNF', 'MUR', 'EUR']"
979,-0.0003180505165714109,"['EUR', 'MWK', 'EUR']"
980,-9.915797968496065e-05,"['EUR', 'ANG', 'BBD', 'EUR']"
981,-3.882468761196023e-05,"['EUR', 'ERN', 'BSD', 'EUR']"
982,-0.03360329482922264,"['EUR', 'BWP', 'BIF', 'EUR']"
983,-0.006117229986194239,"['EUR', 'THB', 'NIO', 'EUR']"
984,-0.0002992118050824111,"['EUR', 'ILS', 'SLL', 'EUR']"
985,-0.002426587387888479,"['EUR', 'BHD', 'MMK', 'EUR']"
986,-1.17417950651344e-05,"['EUR', 'IQD', 'EUR']"
987,-8.672112729435355e-05,"['EUR', 'ARS', 'GYD', 'EUR']"
988,-2.555327351227987e-05,"['EUR', 'GYD', 'EUR']"
989,-4.335106032904434e-05,"['EUR', 'MVR', 'EUR']"
990,-0.0006793108081577515,"['EUR', 'PHP', 'SGD', 'EUR']"
991,-0.002100490994995319,"['EUR', 'PHP', 'SZL', 'EUR']"
992,-0.0001359671560472453,"['EUR', 'BRL', 'SHP', 'EUR']"
993,-0.000407397002570864,"['EUR', 'MOP', 'EUR']"
994,-3.477047150113322e-05,"['EUR', 'SLL', 'EUR']"
995,-0.0001407160690298781,"['EUR', 'IDR', 'EUR']"
996,-0.005845791198942164,"['EUR', 'CHF', 'HNL', 'EUR']"
997,-6.611005147760807e-06,"['EUR', 'GNF', 'SAR']"
998,-0.0005287187036300267,"['EUR', 'HRK', 'BND', 'EUR']"
999,-0.004451295766538799,"['EUR', 'KES', 'ANG', 'EUR']"
1000,-2.066978637849104e-05,"['EUR', 'TWD', 'EUR']"
1001,-0.006332991025863599,"['EUR', 'TZS', 'BTN', 'EUR']"
1002,-0.0002257615107521538,"['EUR', 'MRU', 'KYD', 'EUR']"
1003,-0.02778234654385736,"['EUR', 'TTD', 'JMD', 'EUR']"
1004,-3.841926197059586e-05,"['EUR', 'SDG', 'HUF']"
1005,-0.03954280114512443,"['EUR', 'TTD', 'SOS', 'EUR']"
1006,-0.01699569668329293,"['EUR', 'BWP', 'PKR', 'EUR']"
1007,-1.38329043251062e-05,"['EUR', 'DOP', 'EUR']"
1008,-0.003980741531020904,"['EUR', 'ZMW', 'BSD', 'EUR']"
1009,-0.04100830813707823,"['EUR', 'ZWL', 'CDF', 'EUR']"
1010,-0.006442927909675156,"['EUR', 'HUF', 'SYP', 'EUR']"
1011,-0.005294092407123863,"['EUR', 'CLP', 'NIO', 'EUR']"
1012,-0.005145095963161594,"['EUR', 'TJS', 'RUB', 'EUR']"
1013,-0.001689291176064867,"['EUR', 'CUP', 'MZN', 'EUR']"
1014,-0.001920152967014754,"['EUR', 'SEK', 'CRC', 'EUR']"
1015,-1.502126117891578e-05,"['EUR', 'MNT', 'EUR']"
1016,-5.658378382733531e-05,"['EUR', 'COP', 'TWD', 'EUR']"
1017,-0.0002244423609290003,"['EUR', 'NOK', 'NZD', 'EUR']"
1018,-0.0001097912645189325,"['EUR', 'BWP', 'STN', 'EUR']"
1019,-0.001840117043106826,"['EUR', 'TJS', 'SOS', 'EUR']"
1020,-0.0009796369330103971,"['EUR', 'TJS', 'NZD', 'EUR']"
1021,-0.03739009486283162,"['EUR', 'KGS', 'BDT', 'EUR']"
1022,-3.900723920802207e-05,"['EUR', 'HNL', 'EUR']"
1023,-0.003934279279791397,"['EUR', 'CUP', 'GTQ', 'EUR']"
1024,-3.049148912981359e-05,"['EUR', 'GEL', 'BAM', 'EUR']"
1025,-1.789598786583468e-05,"['EUR', 'CVE', 'LRD', 'EUR']"
1026,-0.003805153661471383,"['EUR', 'MDL', 'NPR', 'EUR']"
1027,-0.0001565418230331517,"['EUR', 'COP', 'BBD', 'EUR']"
1028,-0.002212221077546594,"['EUR', 'KGS', 'TRY', 'EUR']"
1029,-6.950970414543178e-05,"['EUR', 'AMD', 'GBP', 'EUR']"
1030,-0.02274060438880632,"['EUR', 'BDT', 'HRK', 'TMT']"
1031,-0.003055510109806647,"['EUR', 'IRR', 'CUP', 'EUR']"
1032,-5.426536532837645e-05,"['EUR', 'CVE', 'UZS', 'EUR']"
1033,-0.002831153590043822,"['EUR', 'TJS', 'OMR', 'EUR']"
1034,-0.003497039320843998,"['EUR', 'TMT', 'NIO', 'EUR']"
1035,-0.003636730926498188,"['EUR', 'COP', 'KES', 'EUR']"
1036,-0.03021937979222677,"['EUR', 'AMD', 'SYP', 'EUR']"
1037,-0.001968584328761125,"['EUR', 'ARS', 'ETB', 'EUR']"
1038,-0.0001487781009892331,"['EUR', 'XOF', 'TTD', 'EUR']"
1039,-2.38581210242339e-05,"['EUR', 'AWG', 'LBP', 'EUR']"
1040,-0.004288684731497128,"['EUR', 'VUV', 'MUR', 'EUR']"
1041,-0.04659074725312795,"['EUR', 'AMD', 'SDG', 'EUR']"
1042,-0.000555983878315125,"['EUR', 'XOF', 'SBD', 'EUR']"
1043,-0.0001262520298770387,"['EUR', 'THB', 'DKK']"
1044,-0.0002296422972891676,"['EUR', 'XAF', 'BZD', 'EUR']"
1045,-0.006097607586516229,"['EUR', 'MRU', 'GTQ', 'EUR']"
1046,-2.788961108124433e-05,"['EUR', 'HRK', 'MDL']"
1047,-0.000401846338943912,"['EUR', 'CVE', 'LSL', 'EUR']"
1048,-0.004425871612984869,"['EUR', 'BSD', 'BOB', 'EUR']"
1049,-0.0009652294773476733,"['EUR', 'DKK', 'LAK', 'EUR']"
1050,-7.14454380137397e-05,"['EUR', 'BIF', 'CVE', 'EUR']"
1051,-0.01074341016578462,"['EUR', 'DZD', 'GTQ', 'EUR']"
1052,-0.00469077775279203,"['EUR', 'SDG', 'SOS', 'EUR']"
1053,-0.0003033041786366653,"['EUR', 'CVE', 'HKD', 'EUR']"
1054,-0.00685403128619444,"['EUR', 'TMT', 'TWD', 'EUR']"
1055,-0.007044432553261704,"['EUR', 'MRU', 'PKR', 'EUR']"
1056,-0.00615390147335626,"['EUR', 'MDL', 'SRD', 'BAM', 'EUR']"
1057,-0.0002068671215215145,"['EUR', 'JOD', 'MYR', 'EUR']"
1058,-0.0001759236245320039,"['EUR', 'GEL', 'IMP', 'EUR']"
1059,-6.501833162264603e-05,"['EUR', 'RSD', 'CHF', 'EUR']"
1060,-0.0006462301027112538,"['EUR', 'SRD', 'NPR', 'EUR']"
1061,-0.004422798488045387,"['EUR', 'TZS', 'ZAR', 'EUR']"
1062,-0.01330998362387703,"['EUR', 'VUV', 'BIF', 'EUR']"
1063,-0.001407788694324452,"['EUR', 'DZD', 'SDG', 'EUR']"
1064,-0.001810650277382919,"['EUR', 'NIO', 'ANG', 'EUR']"
1065,-3.205948608897558e-05,"['EUR', 'SEK', 'INR']"
1066,-0.00647934713793711,"['EUR', 'CHF', 'LAK', 'EUR']"
1067,-0.002016694885676795,"['EUR', 'CUP', 'TWD', 'EUR']"
1068,-0.004147220400430029,"['EUR', 'MRU', 'HNL', 'EUR']"
1069,-0.06727569200020422,"['EUR', 'AMD', 'BDT', 'EUR']"
1070,-0.002891080409606429,"['EUR', 'CHF', 'VND', 'EUR']"
1071,-0.01296599529552012,"['EUR', 'EGP', 'TOP', 'EUR']"
1072,-0.000136498920958239,"['EUR', 'DJF', 'BHD', 'EUR']"
1073,-0.02596366787188398,"['EUR', 'MDL', 'SBD', 'EUR']"
1074,-0.000753927047467684,"['EUR', 'HUF', 'PKR', 'EUR']"
1075,-0.01553835591846253,"['EUR', 'NOK', 'MKD', 'EUR']"
1076,-0.0006672598326349366,"['EUR', 'PEN', 'BRL', 'EUR']"
1077,-0.001195166569416539,"['EUR', 'BRL', 'CUP', 'EUR']"
1078,-0.01041925758291118,"['EUR', 'ZWL', 'CZK', 'EUR']"
1079,-0.001197868760662413,"['EUR', 'DKK', 'TND', 'EUR']"
1080,-0.004464402620135921,"['EUR', 'AED', 'BOB', 'EUR']"
1081,-0.02580435982432849,"['EUR', 'TJS', 'BIF', 'EUR']"
1082,-0.03979496977484231,"['EUR', 'TTD', 'PEN', 'EUR']"
1083,-6.243685077933492e-05,"['EUR', 'YER', 'EUR']"
1084,-0.001168486779344668,"['EUR', 'SAR', 'CLP', 'EUR']"
1085,-0.04473538167861069,"['EUR', 'ZWL', 'BOB', 'EUR']"
1086,-0.0009211925178540525,"['EUR', 'MGA', 'ERN', 'EUR']"
1087,-0.004405520341171254,"['EUR', 'SDG', 'MNT', 'EUR']"
1088,-0.01438171878572581,"['EUR', 'SRD', 'SBD', 'EUR']"
1089,-0.00604916027012381,"['EUR', 'MDL', 'KHR', 'EUR']"
1090,-0.0004813626064290588,"['EUR', 'INR', 'FKP', 'EUR']"
1091,-0.004609436462372843,"['EUR', 'PAB', 'VUV', 'EUR']"
1092,-0.006148038331280858,"['EUR', 'KES', 'IDR', 'EUR']"
1093,-0.0003309719177515547,"['EUR', 'CVE', 'SCR', 'EUR']"
1094,-1.475357099600672e-05,"['EUR', 'BIF', 'BAM', 'EUR']"
1095,-0.0002943426889401302,"['EUR', 'DKK', 'QAR', 'EUR']"
1096,-0.0445360633861156,"['EUR', 'TTD', 'BBD', 'EUR']"
1097,-0.005483218638962617,"['EUR', 'BRL', 'IDR', 'EUR']"
1098,-0.0002974824270746135,"['EUR', 'AWG', 'SOS', 'EUR']"
1099,-0.009299495138614056,"['EUR', 'BWP', 'SRD', 'EUR']"
1100,-0.006875302729078214,"['EUR', 'KES', 'AZN', 'EUR']"
1101,-0.0002142732658440005,"['EUR', 'AWG', 'BHD', 'EUR']"
1102,-0.001304960494958096,"['EUR', 'AWG', 'MUR', 'EUR']"
1103,-0.002984890580890978,"['EUR', 'PAB', 'IDR', 'EUR']"
1104,-3.151471940598949e-05,"['EUR', 'AWG', 'JOD', 'EUR']"
1105,-0.02386405849912965,"['EUR', 'PHP', 'COP', 'VUV', 'EUR']"
1106,-0.000306252819817554,"['EUR', 'USD', 'CHF', 'EUR']"
1107,-3.662618545341445e-05,"['EUR', 'DJF', 'XPF', 'EUR']"
